-- phpMyAdmin SQL Dump
-- version 4.7.4
-- https://www.phpmyadmin.net/
--
-- Host: 127.0.0.1
-- Generation Time: 13 فبراير 2018 الساعة 14:15
-- إصدار الخادم: 10.1.28-MariaDB
-- PHP Version: 7.1.10

SET SQL_MODE = "NO_AUTO_VALUE_ON_ZERO";
SET AUTOCOMMIT = 0;
START TRANSACTION;
SET time_zone = "+00:00";


/*!40101 SET @OLD_CHARACTER_SET_CLIENT=@@CHARACTER_SET_CLIENT */;
/*!40101 SET @OLD_CHARACTER_SET_RESULTS=@@CHARACTER_SET_RESULTS */;
/*!40101 SET @OLD_COLLATION_CONNECTION=@@COLLATION_CONNECTION */;
/*!40101 SET NAMES utf8mb4 */;

--
-- Database: `salesapp`
--

-- --------------------------------------------------------

--
-- بنية الجدول `brand`
--

CREATE TABLE `brand` (
  `brand_id` int(11) NOT NULL,
  `category_id` int(11) NOT NULL,
  `brand_name` varchar(250) NOT NULL,
  `brand_status` enum('active','inactive') NOT NULL
) ENGINE=InnoDB DEFAULT CHARSET=utf8;

--
-- إرجاع أو استيراد بيانات الجدول `brand`
--

INSERT INTO `brand` (`brand_id`, `category_id`, `brand_name`, `brand_status`) VALUES
(1, 5, 'المراعي', 'active'),
(2, 1, 'بسمتي', 'active');

-- --------------------------------------------------------

--
-- بنية الجدول `category`
--

CREATE TABLE `category` (
  `category_id` int(11) NOT NULL,
  `category_name` varchar(250) NOT NULL,
  `category_status` enum('active','inactive') NOT NULL
) ENGINE=InnoDB DEFAULT CHARSET=utf8;

--
-- إرجاع أو استيراد بيانات الجدول `category`
--

INSERT INTO `category` (`category_id`, `category_name`, `category_status`) VALUES
(1, 'غذائية', 'active'),
(2, 'مشروبات ساخنة', 'active'),
(3, 'تصنيع الحلويات والمخبوزات', 'active'),
(4, 'معلبات', 'active'),
(5, 'حليب', 'active');

-- --------------------------------------------------------

--
-- بنية الجدول `inventory_order`
--

CREATE TABLE `inventory_order` (
  `inventory_order_id` int(11) NOT NULL,
  `user_id` int(11) NOT NULL,
  `inventory_order_total` double(10,2) NOT NULL,
  `inventory_order_date` date NOT NULL,
  `inventory_order_name` varchar(255) NOT NULL,
  `inventory_order_address` text NOT NULL,
  `payment_status` enum('cash','credit') NOT NULL,
  `inventory_order_status` varchar(100) NOT NULL,
  `inventory_order_created_date` date NOT NULL
) ENGINE=InnoDB DEFAULT CHARSET=utf8;

-- --------------------------------------------------------

--
-- بنية الجدول `inventory_order_product`
--

CREATE TABLE `inventory_order_product` (
  `inventory_order_product_id` int(11) NOT NULL,
  `inventory_order_id` int(11) NOT NULL,
  `product_id` int(11) NOT NULL,
  `quantity` int(11) NOT NULL,
  `price` double(10,2) NOT NULL,
  `tax` double(10,2) NOT NULL
) ENGINE=InnoDB DEFAULT CHARSET=utf8;

-- --------------------------------------------------------

--
-- بنية الجدول `product`
--

CREATE TABLE `product` (
  `product_id` int(11) NOT NULL,
  `category_id` int(11) NOT NULL,
  `brand_id` int(11) NOT NULL,
  `product_name` varchar(300) NOT NULL,
  `product_description` text NOT NULL,
  `product_quantity` int(11) NOT NULL,
  `product_unit` varchar(150) NOT NULL,
  `product_base_price` double(10,2) NOT NULL,
  `product_tax` decimal(4,2) NOT NULL,
  `product_minimum_order` double(10,2) NOT NULL,
  `product_enter_by` int(11) NOT NULL,
  `product_status` enum('active','inactive') NOT NULL,
  `product_date` date NOT NULL,
  `barcode` varchar(200) DEFAULT NULL
) ENGINE=InnoDB DEFAULT CHARSET=utf8;

--
-- إرجاع أو استيراد بيانات الجدول `product`
--

INSERT INTO `product` (`product_id`, `category_id`, `brand_id`, `product_name`, `product_description`, `product_quantity`, `product_unit`, `product_base_price`, `product_tax`, `product_minimum_order`, `product_enter_by`, `product_status`, `product_date`, `barcode`) VALUES
(1, 0, 0, 'جبنة المراعي بالقشطة', '', 0, '', 3.50, '0.00', 0.00, 0, 'active', '2012-03-11', '6281007023955'),
(2, 0, 0, 'جبنة كيري بالقشطة', '', 0, '', 4.50, '0.00', 0.00, 0, 'active', '2012-03-11', '3073786863111'),
(3, 0, 0, 'بسكويت قشظة تيشوب صغير', '', 0, '', 5.00, '0.00', 0.00, 0, 'active', '2012-03-11', '6281016002583'),
(4, 0, 0, 'بسكويت قشظة تيشوب كبير', '', 0, '', 10.00, '0.00', 0.00, 0, 'active', '2012-03-11', '6281016002453'),
(5, 0, 0, 'بسكويت غندور بالفول السوداني', '', 0, '', 10.00, '0.00', 0.00, 0, 'active', '2012-03-11', '6281004751028'),
(6, 0, 0, 'بسكويت غندور بالفول السوداني', '', 0, '', 1.50, '0.00', 0.00, 0, 'active', '2012-03-11', '6281004751035'),
(7, 0, 0, 'توفي لك غندور', '', 0, '', 10.00, '0.00', 0.00, 0, 'active', '2012-03-11', '6281004791024'),
(8, 0, 0, 'توفي لك غندور', '', 0, '', 0.50, '0.00', 0.00, 0, 'active', '2012-03-11', '6281004791031'),
(9, 0, 0, 'سفاري غندور', '', 0, '', 10.00, '0.00', 0.00, 0, 'active', '2012-03-11', '6281004761027'),
(10, 0, 0, 'سفاري غندور', '', 0, '', 0.50, '0.00', 0.00, 0, 'active', '2012-03-11', '6281004761034'),
(11, 0, 0, 'تجربة للتحديث', '', 0, '', 709.99, '0.00', 0.00, 0, 'active', '2012-03-11', '111'),
(12, 0, 0, 'نوغا غندور', '', 0, '', 0.50, '0.00', 0.00, 0, 'active', '2012-03-11', '6281004755033'),
(13, 0, 0, 'بسكويت الشاي امريكانا', '', 0, '', 11.00, '0.00', 0.00, 0, 'active', '2012-03-11', '6281033252176'),
(14, 0, 0, 'بسكويت الشاي امريكانا', '', 0, '', 1.00, '0.00', 0.00, 0, 'active', '2012-03-11', '6281033452125'),
(15, 0, 0, 'أولكر ويفر بالبندق', '', 0, '', 20.00, '0.00', 0.00, 0, 'active', '2012-03-11', '6281100354222'),
(16, 0, 0, 'أولكر ويفر بالبندق', '', 0, '', 1.00, '0.00', 0.00, 0, 'active', '2012-03-11', '6281100354215'),
(17, 0, 0, 'شوكو-لات', '', 0, '', 10.00, '0.00', 0.00, 0, 'active', '2012-03-11', '6281016192253'),
(18, 0, 0, 'ميني ويفر', '', 0, '', 6.00, '0.00', 0.00, 0, 'active', '2012-03-11', '6281033253227'),
(19, 0, 0, 'ميني رول بالفانيلا', '', 0, '', 10.00, '0.00', 0.00, 0, 'active', '2012-03-11', '6281183000436'),
(20, 0, 0, 'ميني رول بالفراولة', '', 0, '', 10.00, '0.00', 0.00, 0, 'active', '2012-03-11', '6281183000429'),
(21, 0, 0, 'كيك بار فراولة', '', 0, '', 6.00, '0.00', 0.00, 0, 'active', '2012-03-11', '6281183000221'),
(22, 0, 0, 'كيك بار فراولة', '', 0, '', 0.50, '0.00', 0.00, 0, 'active', '2012-03-11', '6281183000276'),
(23, 0, 0, 'كيك بار فانيلا', '', 0, '', 6.00, '0.00', 0.00, 0, 'active', '2012-03-11', '6281183000245'),
(24, 0, 0, 'كيك بار فانيلا', '', 0, '', 0.50, '0.00', 0.00, 0, 'active', '2012-03-11', '6281183000238'),
(25, 0, 0, 'معمول لوزين', '', 0, '', 6.00, '0.00', 0.00, 0, 'active', '2012-03-11', '6281100087809'),
(26, 0, 0, 'معمول لوزين', '', 0, '', 0.50, '0.00', 0.00, 0, 'active', '2012-03-11', '6281100085096'),
(27, 0, 0, 'بسكويت بالتمر ذكريات', '', 0, '', 10.00, '0.00', 0.00, 0, 'active', '2012-03-11', '6281016130651'),
(28, 0, 0, 'بسكويت بالتمر ذكريات', '', 0, '', 0.50, '0.00', 0.00, 0, 'active', '2012-03-11', '6281016130644'),
(29, 0, 0, 'كيك الكأس نحول', '', 0, '', 6.00, '0.00', 0.00, 0, 'active', '2012-03-11', '6281123053768'),
(30, 0, 0, 'كيك الكأس بالفانيلا نحول', '', 0, '', 6.00, '0.00', 0.00, 0, 'active', '2012-03-11', '6281123053522'),
(31, 0, 0, 'معمول البطل', '', 0, '', 6.00, '0.00', 0.00, 0, 'active', '2012-03-11', '6281016210223'),
(32, 0, 0, 'أولكر بسكويت بالسمسم', '', 0, '', 11.00, '0.00', 0.00, 0, 'active', '2012-03-11', '6281105473072'),
(33, 0, 0, 'أولكر بسكويت بالسمسم', '', 0, '', 1.00, '0.00', 0.00, 0, 'active', '2012-03-11', '6281105473065'),
(34, 0, 0, 'أولكر بسكويت للشاي', '', 0, '', 10.00, '0.00', 0.00, 0, 'active', '2012-03-11', '6281100353539'),
(35, 0, 0, 'أولكر بسكويت للشاي', '', 0, '', 1.00, '0.00', 0.00, 0, 'active', '2012-03-11', '6281100353522'),
(36, 0, 0, 'شوكو ساندويش', '', 0, '', 5.00, '0.00', 0.00, 0, 'active', '2012-03-11', '6281100353683'),
(37, 0, 0, 'أولكر Albeni', '', 0, '', 9.00, '0.00', 0.00, 0, 'active', '2012-03-11', '8690504034209'),
(38, 0, 0, 'كرتون بسكويت أبو ولد', '', 0, '', 20.00, '0.00', 0.00, 0, 'active', '2012-03-11', '06281016002798'),
(39, 0, 0, 'بسكويت أبو ولد', '', 0, '', 1.00, '0.00', 0.00, 0, 'active', '2012-03-11', '6281016202129'),
(40, 0, 0, 'كرتون بسكويت شاي تيشوب', '', 0, '', 20.00, '0.00', 0.00, 0, 'active', '2012-03-11', '06281016000190'),
(41, 0, 0, 'بسكويت شاي تيشوب', '', 0, '', 1.00, '0.00', 0.00, 0, 'active', '2012-03-11', '6281016100616'),
(42, 0, 0, 'بسكويت النخلة تيشوب', '', 0, '', 2.00, '0.00', 0.00, 0, 'active', '2012-03-11', '6281016183114'),
(43, 0, 0, 'كوكيز بالتمر ميموريز', '', 0, '', 2.00, '0.00', 0.00, 0, 'active', '2012-03-11', '6281016901725'),
(44, 0, 0, 'بسكويت هلا بالشكولا', '', 0, '', 1.00, '0.00', 0.00, 0, 'active', '2012-03-11', '6281025000051'),
(45, 0, 0, 'بسكويت هلا بالهيل', '', 0, '', 1.00, '0.00', 0.00, 0, 'active', '2012-03-11', '6281025000235'),
(46, 0, 0, 'بسكويت هلا بالفانيليا', '', 0, '', 1.00, '0.00', 0.00, 0, 'active', '2012-03-11', '6281025000150'),
(47, 0, 0, 'بسكويت هلا باليمون', '', 0, '', 1.00, '0.00', 0.00, 0, 'active', '2012-03-11', '6281025000075'),
(48, 0, 0, 'بسكويت هلا بالفراولة', '', 0, '', 1.00, '0.00', 0.00, 0, 'active', '2012-03-11', '6281025000136'),
(49, 0, 0, 'بسكويت هلال للشاي', '', 0, '', 18.00, '0.00', 0.00, 0, 'active', '2012-03-11', '06281025223191'),
(50, 0, 0, 'بسكويت هلال للشاي', '', 0, '', 1.00, '0.00', 0.00, 0, 'active', '2012-03-11', '6281025223108'),
(51, 0, 0, 'بسكويت مالح luv', '', 0, '', 1.00, '0.00', 0.00, 0, 'active', '2012-03-11', '6281025203001'),
(52, 0, 0, 'بسكويت بالتمر غندور', '', 0, '', 10.00, '0.00', 0.00, 0, 'active', '2012-03-11', '6281004655029'),
(53, 0, 0, 'بسكويت بالتمر غندور', '', 0, '', 1.00, '0.00', 0.00, 0, 'active', '2012-03-11', '6281004655036'),
(54, 0, 0, 'ويفر البندق تيشوب', '', 0, '', 10.00, '0.00', 0.00, 0, 'active', '2012-03-12', '6281016196053'),
(55, 0, 0, 'ويفر الشكولاته', '', 0, '', 10.00, '0.00', 0.00, 0, 'active', '2012-03-12', '6281016201054'),
(56, 0, 0, 'أبراج الذهب تيشوب', '', 0, '', 10.00, '0.00', 0.00, 0, 'active', '2012-03-12', '6281016192352'),
(57, 0, 0, 'ماري تيشوب', '', 0, '', 11.00, '0.00', 0.00, 0, 'active', '2012-03-12', '6281016100128'),
(58, 0, 0, 'ماري تيشوب', '', 0, '', 1.00, '0.00', 0.00, 0, 'active', '2012-03-12', '6281016100111'),
(59, 0, 0, 'ملح صغير AJI-NO-MOTO', '', 0, '', 7.00, '0.00', 0.00, 0, 'active', '2012-03-12', '9556045144540'),
(60, 0, 0, 'مايونيز قودي', '', 0, '', 10.00, '0.00', 0.00, 0, 'active', '2012-03-12', '6281014111010'),
(61, 0, 0, 'مايونيز قودي صغير', '', 0, '', 7.00, '0.00', 0.00, 0, 'active', '2012-03-12', '6281014111003'),
(62, 0, 0, 'كتشاب كبير', '', 0, '', 10.00, '0.00', 0.00, 0, 'active', '2012-03-12', '6281039704204'),
(63, 0, 0, 'كتشاب صغير', '', 0, '', 5.00, '0.00', 0.00, 0, 'active', '2012-03-12', '6281039704402'),
(64, 0, 0, 'شطة رنا', '', 0, '', 1.00, '0.00', 0.00, 0, 'active', '2012-03-12', '6281100031017'),
(65, 0, 0, 'شطة رنا كبير', '', 0, '', 5.00, '0.00', 0.00, 0, 'active', '2012-03-12', '6281100031031'),
(66, 0, 0, 'معجون الطماطم', '', 0, '', 0.66, '0.00', 0.00, 0, 'active', '2012-03-12', '6281020101111'),
(67, 0, 0, 'زيت زيتون مونتوليفو', '', 0, '', 5.00, '0.00', 0.00, 0, 'active', '2012-03-12', '8006705338020'),
(68, 0, 0, 'زيت زيتون نادك 500مل', '', 0, '', 15.00, '0.00', 0.00, 0, 'active', '2012-03-12', '6281057260010'),
(69, 0, 0, 'معجون طماطم الواحة', '', 0, '', 8.00, '0.00', 0.00, 0, 'active', '2012-03-12', '6281062118351'),
(70, 0, 0, 'معجون طماطم الواحة 135جرام', '', 0, '', 1.00, '0.00', 0.00, 0, 'active', '2012-03-12', '6281062110515'),
(71, 0, 0, 'ulker Cokokrem', '', 0, '', 13.00, '0.00', 0.00, 0, 'active', '2012-03-12', '8690504006602'),
(72, 0, 0, 'ulker Cokokrem', '', 0, '', 12.00, '0.00', 0.00, 0, 'active', '2012-03-12', '8690504004707'),
(73, 0, 0, 'نسكافيه 100ج', '', 0, '', 16.00, '0.00', 0.00, 0, 'active', '2012-03-12', '7891000073575'),
(74, 0, 0, 'فول مدمس لونا', '', 0, '', 2.50, '0.00', 0.00, 0, 'active', '2012-03-12', '6281020010215'),
(75, 0, 0, 'فاصولياء بيضاء لونا', '', 0, '', 2.50, '0.00', 0.00, 0, 'active', '2012-03-12', '6281020010512'),
(76, 0, 0, 'حمص الوليد', '', 0, '', 5.00, '0.00', 0.00, 0, 'active', '2012-03-12', '8436540823151'),
(77, 0, 0, 'حمص لونا', '', 0, '', 2.50, '0.00', 0.00, 0, 'active', '2012-03-12', '6281020010413'),
(78, 0, 0, 'خضار مشكل سلفانا', '', 0, '', 2.50, '0.00', 0.00, 0, 'active', '2012-03-12', '8017803052145'),
(79, 0, 0, 'طماطم مقشرة سلفانا 400ج', '', 0, '', 2.50, '0.00', 0.00, 0, 'active', '2012-03-12', '8000066447469'),
(80, 0, 0, 'بازيلاء لونا', '', 0, '', 2.00, '0.00', 0.00, 0, 'active', '2012-03-12', '6281020010314'),
(81, 0, 0, 'ملح ساسا 750جم', '', 0, '', 2.00, '0.00', 0.00, 0, 'active', '2012-03-12', '6281064175017'),
(82, 0, 0, 'طحين فاخر الكويت 1جم', '', 0, '', 5.00, '0.00', 0.00, 0, 'active', '2012-03-12', '6271003014019'),
(83, 0, 0, 'ملح زوزو 4جم', '', 0, '', 5.00, '0.00', 0.00, 0, 'active', '2012-03-12', '6281100290841'),
(84, 0, 0, 'أندومي نكهة دجاج', '', 0, '', 1.00, '0.00', 0.00, 0, 'active', '2012-03-12', '089686120134'),
(85, 0, 0, 'أندومي', '', 0, '', 1.00, '0.00', 0.00, 0, 'active', '2012-03-12', '089686120073'),
(86, 0, 0, 'أندومي', '', 0, '', 1.00, '0.00', 0.00, 0, 'active', '2012-03-12', '089686120226'),
(87, 0, 0, 'خميرة', '', 0, '', 8.00, '0.00', 0.00, 0, 'active', '2012-03-12', '3267793000007'),
(88, 0, 0, 'فانيلا', '', 0, '', 1.00, '0.00', 0.00, 0, 'active', '2012-03-12', '6281100610359'),
(89, 0, 0, 'باكنج باودر', '', 0, '', 2.00, '0.00', 0.00, 0, 'active', '2012-03-12', '6281100610014'),
(90, 0, 0, 'شاي رويال المنيز 225جم', '', 0, '', 7.00, '0.00', 0.00, 0, 'active', '2012-03-12', '882045001118'),
(91, 0, 0, 'مسحوق الكزبرة مهران 400جم', '', 0, '', 8.00, '0.00', 0.00, 0, 'active', '2012-03-12', '633152001054'),
(92, 0, 0, 'كلوفز كورن فليكس 500جم', '', 0, '', 13.00, '0.00', 0.00, 0, 'active', '2012-03-12', '4003994111901'),
(93, 0, 0, 'كاكاو 125جم', '', 0, '', 8.00, '0.00', 0.00, 0, 'active', '2012-03-12', '9111956001889'),
(94, 0, 0, 'شعيرية مهران', '', 0, '', 2.00, '0.00', 0.00, 0, 'active', '2012-03-12', '633152007537'),
(95, 0, 0, 'ماش أصفر المقرمش', '', 0, '', 6.00, '0.00', 0.00, 0, 'active', '2012-03-12', '557050303001'),
(96, 0, 0, 'ماش أبيض المقرمش', '', 0, '', 6.00, '0.00', 0.00, 0, 'active', '2012-03-12', '557050301001'),
(97, 0, 0, 'حمص أسود المقرمش', '', 0, '', 5.00, '0.00', 0.00, 0, 'active', '2012-03-12', '557050103001'),
(98, 0, 0, 'حمص مكسور المقرمش', '', 0, '', 5.00, '0.00', 0.00, 0, 'active', '2012-03-12', '6287002810248'),
(99, 0, 0, 'ماش أخضر المقرمش', '', 0, '', 5.00, '0.00', 0.00, 0, 'active', '2012-03-12', '557050302001'),
(100, 0, 0, 'حمص حلب المقرمش', '', 0, '', 5.00, '0.00', 0.00, 0, 'active', '2012-03-12', '557050101001'),
(101, 0, 0, 'حمص دقيق المقرمش', '', 0, '', 5.00, '0.00', 0.00, 0, 'active', '2012-03-12', '557050104001'),
(102, 0, 0, 'عدس حب المقرمش', '', 0, '', 5.00, '0.00', 0.00, 0, 'active', '2012-03-12', '557050203001'),
(103, 0, 0, 'جوز الهند المقرمش', '', 0, '', 5.00, '0.00', 0.00, 0, 'active', '2012-03-12', '557050901001'),
(104, 0, 0, 'جريش المقرمش', '', 0, '', 5.00, '0.00', 0.00, 0, 'active', '2012-03-12', '557051001001'),
(105, 0, 0, 'سميد المقرمش', '', 0, '', 5.00, '0.00', 0.00, 0, 'active', '2012-03-12', '6287002810439'),
(106, 0, 0, 'مكرونية بيرفيتو', '', 0, '', 5.00, '0.00', 0.00, 0, 'active', '2012-03-13', '6281014402101'),
(107, 0, 0, 'شعيرية بيرفيتو', '', 0, '', 5.00, '0.00', 0.00, 0, 'active', '2012-03-13', '6281014402606'),
(108, 0, 0, 'مكرونية اسباغتي بيرفيتو', '', 0, '', 5.00, '0.00', 0.00, 0, 'active', '2012-03-13', '6281014402200'),
(109, 0, 0, 'شاهي ربيع 200جم', '', 0, '', 10.00, '0.00', 0.00, 0, 'active', '2012-03-13', '6281013512023'),
(110, 0, 0, 'شاي ليبتون', '', 0, '', 9.00, '0.00', 0.00, 0, 'active', '2012-03-13', '6281006856356'),
(111, 0, 0, 'شاي ليبتون 420جم', '', 0, '', 14.00, '0.00', 0.00, 0, 'active', '2012-03-13', '6281006851962'),
(112, 0, 0, 'شاي ليبتون 800جم', '', 0, '', 33.00, '0.00', 0.00, 0, 'active', '2012-03-13', '6281006856394'),
(113, 0, 0, 'شاي ليبتون 120 كيس', '', 0, '', 17.00, '0.00', 0.00, 0, 'active', '2012-03-13', '6281006854055'),
(114, 0, 0, 'شاي الكبوس 225جم', '', 0, '', 7.00, '0.00', 0.00, 0, 'active', '2012-03-13', '5000311241227'),
(115, 0, 0, 'شاي الكبوس 100كيس', '', 0, '', 12.00, '0.00', 0.00, 0, 'active', '2012-03-13', '6251361100104'),
(116, 0, 0, 'مرقة دجاج ماجي', '', 0, '', 14.00, '0.00', 0.00, 0, 'active', '2012-03-13', '6281019002856'),
(117, 0, 0, 'مرقة دجاج ماجي', '', 0, '', 0.66, '0.00', 0.00, 0, 'active', '2012-03-13', '6281019002566'),
(118, 0, 0, 'أكياس نايلون لحفظ الأطعمة', '', 0, '', 2.50, '0.00', 0.00, 0, 'active', '2012-03-13', '6281089100445'),
(119, 0, 0, 'أكياس نايلون لحفظ الأطعمة 8', '', 0, '', 2.50, '0.00', 0.00, 0, 'active', '2012-03-13', '6281089100438'),
(120, 0, 0, 'أكياس نفايات كلوب', '', 0, '', 2.50, '0.00', 0.00, 0, 'active', '2012-03-13', '6281017298367'),
(121, 0, 0, 'أكياس نفايات 10 جالون', '', 0, '', 4.00, '0.00', 0.00, 0, 'active', '2012-03-13', '6281089201081'),
(122, 0, 0, 'أكياس نفايات 55 جالون', '', 0, '', 15.00, '0.00', 0.00, 0, 'active', '2012-03-13', '6281104310255'),
(123, 0, 0, 'سوفر كلوب', '', 0, '', 20.00, '0.00', 0.00, 0, 'active', '2012-03-13', '6281017298954'),
(124, 0, 0, 'أكياس نفايات 50 جالون', '', 0, '', 10.00, '0.00', 0.00, 0, 'active', '2012-03-13', '6281104300232'),
(125, 0, 0, 'أكياس نفايات 50 جالون', '', 0, '', 5.00, '0.00', 0.00, 0, 'active', '2012-03-13', '6281104300171'),
(126, 0, 0, 'أكياس نفايات 50 جالون', '', 0, '', 5.00, '0.00', 0.00, 0, 'active', '2012-03-13', '6281017400975'),
(127, 0, 0, 'أكياس نفايات 50 جالون', '', 0, '', 12.00, '0.00', 0.00, 0, 'active', '2012-03-13', '6281017298756'),
(128, 0, 0, 'أكياس نفايات 50 جالون', '', 0, '', 18.00, '0.00', 0.00, 0, 'active', '2012-03-13', '6281017298916'),
(129, 0, 0, 'أرز مصري صنوايت', '', 0, '', 30.00, '0.00', 0.00, 0, 'active', '2012-03-13', '9310140010519'),
(130, 0, 0, 'أرز أبو بنت 10كيلو', '', 0, '', 45.00, '0.00', 0.00, 0, 'active', '2012-03-13', '071771554283'),
(131, 0, 0, 'أرز أبو كاس 5كيلو', '', 0, '', 30.00, '0.00', 0.00, 0, 'active', '2012-03-13', '6281100410072'),
(132, 0, 0, 'مكرونة المائدة 5كيلو', '', 0, '', 15.00, '0.00', 0.00, 0, 'active', '2012-03-13', '6281025450108'),
(133, 0, 0, 'مناديل كلاسيك', '', 0, '', 8.00, '0.00', 0.00, 0, 'active', '2012-03-13', '6281017212509'),
(134, 0, 0, 'مناديل كلاسيك', '', 0, '', 1.50, '0.00', 0.00, 0, 'active', '2012-03-13', '6281017212073'),
(135, 0, 0, 'مناديل سانيتا', '', 0, '', 12.00, '0.00', 0.00, 0, 'active', '2012-03-13', '6281017212363'),
(136, 0, 0, 'مناديل سانيتا', '', 0, '', 2.00, '0.00', 0.00, 0, 'active', '2012-03-13', '6281017212349'),
(137, 0, 0, 'مناديل هلا', '', 0, '', 10.00, '0.00', 0.00, 0, 'active', '2012-03-13', '6281017212462'),
(138, 0, 0, 'مناديل هلا', '', 0, '', 2.00, '0.00', 0.00, 0, 'active', '2012-03-13', '6281017212219'),
(139, 0, 0, 'مناديل فاين', '', 0, '', 12.00, '0.00', 0.00, 0, 'active', '2012-03-13', '6251001210101'),
(140, 0, 0, 'مناديل فاين', '', 0, '', 2.00, '0.00', 0.00, 0, 'active', '2012-03-13', '6251001210217'),
(141, 0, 0, 'مناديل سانيتا', '', 0, '', 12.00, '0.00', 0.00, 0, 'active', '2012-03-13', '6281017212370'),
(142, 0, 0, 'مناديل سانيتا', '', 0, '', 2.00, '0.00', 0.00, 0, 'active', '2012-03-13', '6281017212004'),
(143, 0, 0, 'حفايظ بامبي 1', '', 0, '', 10.00, '0.00', 0.00, 0, 'active', '2012-03-13', '6281017218600'),
(144, 0, 0, 'حفايظ بامبي 3 وسط', '', 0, '', 10.00, '0.00', 0.00, 0, 'active', '2012-03-13', '6281017218457'),
(145, 0, 0, 'حفايظ بامبي 2 صغير', '', 0, '', 10.00, '0.00', 0.00, 0, 'active', '2012-03-13', '6281017218464'),
(146, 0, 0, 'حفايظ بامبي 6', '', 0, '', 10.00, '0.00', 0.00, 0, 'active', '2012-03-13', '6281017218716'),
(147, 0, 0, 'حفايظ بامبي 5', '', 0, '', 10.00, '0.00', 0.00, 0, 'active', '2012-03-13', '6281017218433'),
(148, 0, 0, 'فوطة حجم عادي', '', 0, '', 11.00, '0.00', 0.00, 0, 'active', '2012-03-13', '6281017220375'),
(149, 0, 0, 'فوطة حجم ماكسي', '', 0, '', 6.00, '0.00', 0.00, 0, 'active', '2012-03-13', '6281017220801'),
(150, 0, 0, 'فوطة حجم عادي', '', 0, '', 6.00, '0.00', 0.00, 0, 'active', '2012-03-13', '6281017220795'),
(151, 0, 0, 'فوطة حجم ماكسي', '', 0, '', 11.00, '0.00', 0.00, 0, 'active', '2012-03-13', '6281017222003'),
(152, 0, 0, 'فوطة حجم كومفرت', '', 0, '', 11.00, '0.00', 0.00, 0, 'active', '2012-03-13', '6281017220283'),
(153, 0, 0, 'فوطة حجم كبير', '', 0, '', 16.00, '0.00', 0.00, 0, 'active', '2012-03-13', '4015400245919'),
(154, 0, 0, 'ورق حمام بوكيه', '', 0, '', 10.00, '0.00', 0.00, 0, 'active', '2012-03-13', '6281017202807'),
(155, 0, 0, 'ورق مناديل سانيتا', '', 0, '', 15.00, '0.00', 0.00, 0, 'active', '2012-03-13', '6281017306161'),
(156, 0, 0, 'ورق نشاف سانيتا', '', 0, '', 19.00, '0.00', 0.00, 0, 'active', '2012-03-13', '6281017201138'),
(157, 0, 0, 'داك 1لتر', '', 0, '', 8.00, '0.00', 0.00, 0, 'active', '2012-03-13', '6281031021033'),
(158, 0, 0, 'داك 1لتر', '', 0, '', 8.00, '0.00', 0.00, 0, 'active', '2012-03-13', '6281031021019'),
(159, 0, 0, 'مبيد الحشرات كيلتو', '', 0, '', 5.00, '0.00', 0.00, 0, 'active', '2012-03-13', '6282307714482'),
(160, 0, 0, 'مبيد الحشرات رد', '', 0, '', 7.00, '0.00', 0.00, 0, 'active', '2012-03-13', '6281100870012'),
(161, 0, 0, 'ملطف هواء زماك', '', 0, '', 8.00, '0.00', 0.00, 0, 'active', '2012-03-13', '6281015008753'),
(162, 0, 0, 'معطر هواء تيك تاك', '', 0, '', 5.00, '0.00', 0.00, 0, 'active', '2012-03-13', '6282307723347'),
(163, 0, 0, 'مريتو', '', 0, '', 12.00, '0.00', 0.00, 0, 'active', '2012-03-13', '8004050033386'),
(164, 0, 0, 'حليب نديو', '', 0, '', 60.00, '0.00', 0.00, 0, 'active', '2012-03-13', '7616100478149'),
(165, 0, 0, 'حليب وادي فاطمه', '', 0, '', 55.00, '0.00', 0.00, 0, 'active', '2012-03-13', '6281100113133'),
(166, 0, 0, 'حليب السعوديه المجفف', '', 0, '', 33.00, '0.00', 0.00, 0, 'active', '2012-03-13', '6281039371413'),
(167, 0, 0, 'حليب السعوديه المجفف 1800 جم', '', 0, '', 55.00, '0.00', 0.00, 0, 'active', '2012-03-13', '6281039371215'),
(168, 0, 0, 'حليب مجفف بوك 900جرم', '', 0, '', 30.00, '0.00', 0.00, 0, 'active', '2012-03-13', '5760466959445'),
(169, 0, 0, 'شاهي ربيع 1.2جرم', '', 0, '', 39.00, '0.00', 0.00, 0, 'active', '2012-03-13', '6281013171022'),
(170, 0, 0, 'بامبرز 2 صغير', '', 0, '', 15.00, '0.00', 0.00, 0, 'active', '2012-03-13', '4015400405788'),
(171, 0, 0, 'بامبرز 5 كبير جدا', '', 0, '', 15.00, '0.00', 0.00, 0, 'active', '2012-03-13', '4015400406662'),
(172, 0, 0, 'بامبرز 4 كبير', '', 0, '', 15.00, '0.00', 0.00, 0, 'active', '2012-03-13', '4015400406303'),
(173, 0, 0, 'بامبرز 3 وسط', '', 0, '', 15.00, '0.00', 0.00, 0, 'active', '2012-03-13', '4015400405948'),
(174, 0, 0, 'كرتون حليب سعوديه', '', 0, '', 33.00, '0.00', 0.00, 0, 'active', '2012-03-13', '6281039122336'),
(175, 0, 0, 'حليب السعوديه', '', 0, '', 1.50, '0.00', 0.00, 0, 'active', '2012-03-13', '6281039122015'),
(176, 0, 0, 'ورق قصدير سانيتا', '', 0, '', 5.00, '0.00', 0.00, 0, 'active', '2012-03-13', '6281017214015'),
(177, 0, 0, 'ورق قصدير', '', 0, '', 15.00, '0.00', 0.00, 0, 'active', '2012-03-14', '6281017214220'),
(178, 0, 0, 'ورق قصدير متين جدا', '', 0, '', 5.00, '0.00', 0.00, 0, 'active', '2012-03-14', '6281017214091'),
(179, 0, 0, 'زيت نخيل', '', 0, '', 14.00, '0.00', 0.00, 0, 'active', '2012-03-14', '6281011135767'),
(180, 0, 0, 'زيت هالي', '', 0, '', 14.00, '0.00', 0.00, 0, 'active', '2012-03-14', '6281099012394'),
(181, 0, 0, 'زيت رابح', '', 0, '', 15.00, '0.00', 0.00, 0, 'active', '2012-03-14', '6290450120463'),
(182, 0, 0, 'زيت العربي', '', 0, '', 17.00, '0.00', 0.00, 0, 'active', '2012-03-14', '6281011134340'),
(183, 0, 0, 'زيت الحفلات', '', 0, '', 17.00, '0.00', 0.00, 0, 'active', '2012-03-14', '6290450100465'),
(184, 0, 0, 'صابون أيدي سائل اوركيدا 350مل', '', 0, '', 5.00, '0.00', 0.00, 0, 'active', '2012-03-14', '6282307305321'),
(185, 0, 0, 'صمغ للفئران 80جرم', '', 0, '', 5.00, '0.00', 0.00, 0, 'active', '2012-03-14', '8002297010016'),
(186, 0, 0, 'داك كغ1', '', 0, '', 15.00, '0.00', 0.00, 0, 'active', '2012-03-14', '6281031061015'),
(187, 0, 0, 'ديتول 125مل', '', 0, '', 6.00, '0.00', 0.00, 0, 'active', '2012-03-14', '50158904'),
(188, 0, 0, 'بودرة للحشرات كيروكس', '', 0, '', 5.00, '0.00', 0.00, 0, 'active', '2012-03-14', '6224000101152'),
(189, 0, 0, 'فيري 1لتر', '', 0, '', 12.00, '0.00', 0.00, 0, 'active', '2012-03-14', '5413149486188'),
(190, 0, 0, 'فيري 500مل', '', 0, '', 7.00, '0.00', 0.00, 0, 'active', '2012-03-14', '5413149486218'),
(191, 0, 0, 'مطهر داك 3لتر', '', 0, '', 14.00, '0.00', 0.00, 0, 'active', '2012-03-14', '6281031071687'),
(192, 0, 0, 'فلاش أمريكي', '', 0, '', 6.00, '0.00', 0.00, 0, 'active', '2012-03-14', '6281104980014'),
(193, 0, 0, 'كلورك 1.98 لتر', '', 0, '', 7.00, '0.00', 0.00, 0, 'active', '2012-03-14', '6281065016401'),
(194, 0, 0, 'كلوركس 1جالون', '', 0, '', 13.00, '0.00', 0.00, 0, 'active', '2012-03-14', '6281065011284'),
(195, 0, 0, 'كلوركس 0.47 لتر', '', 0, '', 2.00, '0.00', 0.00, 0, 'active', '2012-03-14', '6281065011604'),
(196, 0, 0, 'صحون بلستيك', '', 0, '', 8.00, '0.00', 0.00, 0, 'active', '2012-03-14', '6281102040192'),
(197, 0, 0, 'صحون بلستيك', '', 0, '', 3.00, '0.00', 0.00, 0, 'active', '2012-03-14', '6281089201401'),
(198, 0, 0, 'صحون بلستيك', '', 0, '', 5.00, '0.00', 0.00, 0, 'active', '2012-03-14', '6281104610027'),
(199, 0, 0, 'صحون بلستيك كبير', '', 0, '', 8.00, '0.00', 0.00, 0, 'active', '2012-03-14', '6281104610034'),
(200, 0, 0, 'صحون بلستيك', '', 0, '', 7.00, '0.00', 0.00, 0, 'active', '2012-03-14', '6281089201265'),
(201, 0, 0, 'صحون بلستيك كبير', '', 0, '', 8.00, '0.00', 0.00, 0, 'active', '2012-03-14', '6281187040032'),
(202, 0, 0, 'كأس قهوة أنص', '', 0, '', 3.00, '0.00', 0.00, 0, 'active', '2012-03-14', '6281102040260'),
(203, 0, 0, 'كأس بلستيك', '', 0, '', 3.00, '0.00', 0.00, 0, 'active', '2012-03-14', '6281102040284'),
(204, 0, 0, 'نايلون تغليف سانيتا', '', 0, '', 15.00, '0.00', 0.00, 0, 'active', '2012-03-14', '6281017217078'),
(205, 0, 0, 'نايلون لاصق للتغليف', '', 0, '', 15.00, '0.00', 0.00, 0, 'active', '2012-03-14', '6281017217092'),
(206, 0, 0, 'نايلون لاصق للتغليف', '', 0, '', 5.00, '0.00', 0.00, 0, 'active', '2012-03-14', '6281017217023'),
(207, 0, 0, 'نايلون لاصق للتغليف', '', 0, '', 5.00, '0.00', 0.00, 0, 'active', '2012-03-14', '6281017217047'),
(208, 0, 0, 'سفر كبير', '', 0, '', 10.00, '0.00', 0.00, 0, 'active', '2012-03-14', '6281017298619'),
(209, 0, 0, 'سفر كبير كلوب', '', 0, '', 10.00, '0.00', 0.00, 0, 'active', '2012-03-14', '6281017298947'),
(210, 0, 0, 'سفر كبير جمبو', '', 0, '', 10.00, '0.00', 0.00, 0, 'active', '2012-03-14', '6281017298602'),
(211, 0, 0, 'مفراش سفرة', '', 0, '', 5.00, '0.00', 0.00, 0, 'active', '2012-03-14', '6281017298787'),
(212, 0, 0, 'سفرة كبير', '', 0, '', 10.00, '0.00', 0.00, 0, 'active', '2012-03-14', '6281189000577'),
(213, 0, 0, 'صابون اريال 3كجم', '', 0, '', 43.00, '0.00', 0.00, 0, 'active', '2012-03-14', '5413149809376'),
(214, 0, 0, 'صابون تايد 1.5كجم', '', 0, '', 20.00, '0.00', 0.00, 0, 'active', '2012-03-14', '5413149806559'),
(215, 0, 0, 'تايد 120جم', '', 0, '', 1.50, '0.00', 0.00, 0, 'active', '2012-03-14', '5413149811584'),
(216, 0, 0, 'صابون بونكس', '', 0, '', 1.00, '0.00', 0.00, 0, 'active', '2012-03-14', '5410076216383'),
(217, 0, 0, 'اسفنج بسلك', '', 0, '', 5.00, '0.00', 0.00, 0, 'active', '2012-03-14', '6281015108965'),
(218, 0, 0, 'لمبة 150و', '', 0, '', 12.00, '0.00', 0.00, 0, 'active', '2012-03-14', '4002011091646'),
(219, 0, 0, 'جبنة مثلثات نادك', '', 0, '', 2.50, '0.00', 0.00, 0, 'active', '2012-03-14', '6281057050246'),
(220, 0, 0, 'جبنة مثلثات المراعي', '', 0, '', 5.00, '0.00', 0.00, 0, 'active', '2012-03-14', '6281007186735'),
(221, 0, 0, 'جبنة مثلثات المراعي', '', 0, '', 2.50, '0.00', 0.00, 0, 'active', '2012-03-14', '6281007186612'),
(222, 0, 0, 'جبن شيدر المراعي', '', 0, '', 4.00, '0.00', 0.00, 0, 'active', '2012-03-14', '6281007168205'),
(223, 0, 0, 'جبن شيدر المراعي', '', 0, '', 2.50, '0.00', 0.00, 0, 'active', '2012-03-14', '6281007022835'),
(224, 0, 0, 'جبنة شيدر كرافت', '', 0, '', 4.50, '0.00', 0.00, 0, 'active', '2012-03-14', '9300650270534'),
(225, 0, 0, 'جبنة شيدر السعودية', '', 0, '', 4.50, '0.00', 0.00, 0, 'active', '2012-03-14', '6281039335019'),
(226, 0, 0, 'جبنة كريم بوك 140جم', '', 0, '', 5.00, '0.00', 0.00, 0, 'active', '2012-03-14', '5760466738088'),
(227, 0, 0, 'جبنة كريم بوك 240جم', '', 0, '', 9.00, '0.00', 0.00, 0, 'active', '2012-03-14', '5760466738095'),
(228, 0, 0, 'جبنة كريم بوك 690جم', '', 0, '', 19.00, '0.00', 0.00, 0, 'active', '2012-03-14', '5760466738057'),
(229, 0, 0, 'جبنة كريم بوك 500جم', '', 0, '', 15.00, '0.00', 0.00, 0, 'active', '2012-03-14', '5760466738040'),
(230, 0, 0, 'جبنة كريم بوك 910جم', '', 0, '', 24.00, '0.00', 0.00, 0, 'active', '2012-03-14', '5760466738064'),
(231, 0, 0, 'جبنة كريم نادك 910جم', '', 0, '', 24.00, '0.00', 0.00, 0, 'active', '2012-03-14', '6281057050055'),
(232, 0, 0, 'جبنة كريم نادك 500جم', '', 0, '', 14.00, '0.00', 0.00, 0, 'active', '2012-03-14', '6281057050031'),
(233, 0, 0, 'جبنة كريم نادك 500جم', '', 0, '', 14.00, '0.00', 0.00, 0, 'active', '2012-03-14', '6281057050086'),
(234, 0, 0, 'جبنة كريم المراعي 240جم', '', 0, '', 9.00, '0.00', 0.00, 0, 'active', '2012-03-14', '6281007163606'),
(235, 0, 0, 'جبنة كريم المراعي 240جم', '', 0, '', 9.00, '0.00', 0.00, 0, 'active', '2012-03-14', '6281007160209'),
(236, 0, 0, 'جبنة كريم المراعي 140جم', '', 0, '', 5.00, '0.00', 0.00, 0, 'active', '2012-03-14', '6281007160407'),
(237, 0, 0, 'جبنة كريم المراعي 140جم', '', 0, '', 5.00, '0.00', 0.00, 0, 'active', '2012-03-14', '6281007163804'),
(238, 0, 0, 'جبنة كريم نادك 140جم', '', 0, '', 5.00, '0.00', 0.00, 0, 'active', '2012-03-14', '6281057050000'),
(239, 0, 0, 'جبنة كريم نادك 240جم', '', 0, '', 8.00, '0.00', 0.00, 0, 'active', '2012-03-14', '6281057050024'),
(240, 0, 0, 'جبنة كريم نادك 140جم', '', 0, '', 5.00, '0.00', 0.00, 0, 'active', '2012-03-14', '6281057050017'),
(241, 0, 0, 'تونة مفتتة امريكانا', '', 0, '', 3.00, '0.00', 0.00, 0, 'active', '2012-03-14', '882149001489'),
(242, 0, 0, 'لحم تونة خفيف المراعي', '', 0, '', 5.50, '0.00', 0.00, 0, 'active', '2012-03-14', '6281020150409'),
(243, 0, 0, 'لحم تونة خفيف المراعي الخضراء', '', 0, '', 3.50, '0.00', 0.00, 0, 'active', '2012-03-14', '6281020150300'),
(244, 0, 0, 'تونة بالفلفل قودي', '', 0, '', 5.50, '0.00', 0.00, 0, 'active', '2012-03-14', '6281014622134'),
(245, 0, 0, 'تونة قودي', '', 0, '', 4.00, '0.00', 0.00, 0, 'active', '2012-03-14', '6281014620208'),
(246, 0, 0, 'سردين مطبوخ', '', 0, '', 3.00, '0.00', 0.00, 0, 'active', '2012-03-14', '6111047010137'),
(247, 0, 0, 'حليب مكثف لونا 395حم', '', 0, '', 5.00, '0.00', 0.00, 0, 'active', '2012-03-14', '6281020293236'),
(248, 0, 0, 'حليب مركز لونا', '', 0, '', 2.00, '0.00', 0.00, 0, 'active', '2012-03-14', '6281020050112'),
(249, 0, 0, 'حليب مركز المراعي', '', 0, '', 2.00, '0.00', 0.00, 0, 'active', '2012-03-14', '6281007142366'),
(250, 0, 0, 'حليب مركز المراعي', '', 0, '', 2.00, '0.00', 0.00, 0, 'active', '2012-03-14', '6281007120555'),
(251, 0, 0, 'قشطة بوك', '', 0, '', 4.00, '0.00', 0.00, 0, 'active', '2012-03-14', '5760466730464'),
(252, 0, 0, 'قشطة بوك', '', 0, '', 4.00, '0.00', 0.00, 0, 'active', '2012-03-14', '5760466730471'),
(253, 0, 0, 'قشطة بوك بالفراولة', '', 0, '', 4.00, '0.00', 0.00, 0, 'active', '2012-03-14', '5760466730488'),
(254, 0, 0, 'قشطة المراعي', '', 0, '', 4.00, '0.00', 0.00, 0, 'active', '2012-03-14', '6281007118606'),
(255, 0, 0, 'قشطة السعودية', '', 0, '', 4.00, '0.00', 0.00, 0, 'active', '2012-03-14', '6281039230017'),
(256, 0, 0, 'قشطة التاج', '', 0, '', 4.50, '0.00', 0.00, 0, 'active', '2012-03-14', '6281009010014'),
(257, 0, 0, 'خبز التوست أبيض', '', 0, '', 3.00, '0.00', 0.00, 0, 'active', '2012-03-14', '6281100081036'),
(258, 0, 0, 'جبنة مثلاثات أبوالولد', '', 0, '', 3.50, '0.00', 0.00, 0, 'active', '2012-03-15', '3251350126002'),
(259, 0, 0, 'كيك صغير نحول', '', 0, '', 1.00, '0.00', 0.00, 0, 'active', '2012-03-15', '6281123036099'),
(260, 0, 0, 'كيك الحفلة سويتز', '', 0, '', 1.00, '0.00', 0.00, 0, 'active', '2012-03-15', '6281123033227'),
(261, 0, 0, 'شابورة قراميش', '', 0, '', 5.00, '0.00', 0.00, 0, 'active', '2012-03-15', '6281123052310'),
(262, 0, 0, 'كيك سويتز', '', 0, '', 1.00, '0.00', 0.00, 0, 'active', '2012-03-15', '6281123033173'),
(263, 0, 0, 'كيك ماديره سوتز', '', 0, '', 1.00, '0.00', 0.00, 0, 'active', '2012-03-15', '6281123034200'),
(264, 0, 0, 'شريحة بالفواكة سويتز', '', 0, '', 1.00, '0.00', 0.00, 0, 'active', '2012-03-15', '6281123034118'),
(265, 0, 0, 'توست بر لوزين', '', 0, '', 4.00, '0.00', 0.00, 0, 'active', '2012-03-15', '6281100081029'),
(266, 0, 0, 'كوب كيك توفي لوزين', '', 0, '', 10.00, '0.00', 0.00, 0, 'active', '2012-03-15', '6281100088998'),
(267, 0, 0, 'كوب كيك فراولة لوزين', '', 0, '', 10.00, '0.00', 0.00, 0, 'active', '2012-03-15', '6281100089124'),
(268, 0, 0, 'كوب كيك سادة لوزين', '', 0, '', 10.00, '0.00', 0.00, 0, 'active', '2012-03-15', '6281100089131'),
(269, 0, 0, 'أسابع الكيك فانيلا لوزين', '', 0, '', 6.00, '0.00', 0.00, 0, 'active', '2012-03-15', '6281100086185'),
(270, 0, 0, 'أصابع الكيك شوكولاته لوزين', '', 0, '', 6.00, '0.00', 0.00, 0, 'active', '2012-03-15', '6281100089155'),
(271, 0, 0, 'دريم ويب', '', 0, '', 6.00, '0.00', 0.00, 0, 'active', '2012-03-15', '043000359709'),
(272, 0, 0, 'دريم ويب 4 مغلفات', '', 0, '', 10.00, '0.00', 0.00, 0, 'active', '2012-03-15', '043000359600'),
(273, 0, 0, 'نشاء الذرة', '', 0, '', 2.00, '0.00', 0.00, 0, 'active', '2012-03-15', '6281100610083'),
(274, 0, 0, 'فوستر كلاركس', '', 0, '', 2.50, '0.00', 0.00, 0, 'active', '2012-03-15', '5352101422614'),
(275, 0, 0, 'فيمتو', '', 0, '', 9.00, '0.00', 0.00, 0, 'active', '2012-03-15', '6281034001063'),
(276, 0, 0, 'كاستر باودر فوستر كلاركس', '', 0, '', 5.00, '0.00', 0.00, 0, 'active', '2012-03-15', '5352101542893'),
(277, 0, 0, 'شوربة', '', 0, '', 8.00, '0.00', 0.00, 0, 'active', '2012-03-15', '8710100101218'),
(278, 0, 0, 'عسل 1.5كج', '', 0, '', 15.00, '0.00', 0.00, 0, 'active', '2012-03-15', '8697435524502'),
(279, 0, 0, 'عسل 3كلو', '', 0, '', 25.00, '0.00', 0.00, 0, 'active', '2012-03-15', '8697435524519'),
(280, 0, 0, 'ورق عنب محشي', '', 0, '', 20.00, '0.00', 0.00, 0, 'active', '2012-03-15', '8697435524199'),
(281, 0, 0, 'ورق عنب محشي', '', 0, '', 20.00, '0.00', 0.00, 0, 'active', '2012-03-15', '8697461160378'),
(282, 0, 0, 'طحينية طعمة', '', 0, '', 6.00, '0.00', 0.00, 0, 'active', '2012-03-15', '6281100250104'),
(283, 0, 0, 'عسل 90ج', '', 0, '', 2.00, '0.00', 0.00, 0, 'active', '2012-03-15', '6221025012975'),
(284, 0, 0, 'مربى مشكل طعم’', '', 0, '', 5.00, '0.00', 0.00, 0, 'active', '2012-03-15', '6281100251545'),
(285, 0, 0, 'مربى الفراولة طعمة', '', 0, '', 5.00, '0.00', 0.00, 0, 'active', '2012-03-15', '6281100251453'),
(286, 0, 0, 'مبرى المشمش طعمة', '', 0, '', 5.00, '0.00', 0.00, 0, 'active', '2012-03-15', '6281100251538'),
(287, 0, 0, 'حلاوة طحينية طعمة', '', 0, '', 9.00, '0.00', 0.00, 0, 'active', '2012-03-15', '6281100251231'),
(288, 0, 0, 'حلاوة طحينية طعمة', '', 0, '', 6.00, '0.00', 0.00, 0, 'active', '2012-03-15', '6281100251132'),
(289, 0, 0, 'حلاوة طحينية طعمة', '', 0, '', 6.00, '0.00', 0.00, 0, 'active', '2012-03-15', '6281100251118'),
(290, 0, 0, 'زيتون أخضر شرائح', '', 0, '', 5.00, '0.00', 0.00, 0, 'active', '2012-03-15', '8436019230831'),
(291, 0, 0, 'زيتون أسود شرائح', '', 0, '', 5.00, '0.00', 0.00, 0, 'active', '2012-03-15', '8436019231302'),
(292, 0, 0, 'زيتون أسود', '', 0, '', 3.00, '0.00', 0.00, 0, 'active', '2012-03-15', '6281100111597'),
(293, 0, 0, 'ورق عنب محشي', '', 0, '', 7.00, '0.00', 0.00, 0, 'active', '2012-03-15', '8697461161238'),
(294, 0, 0, 'فشار قودي', '', 0, '', 4.00, '0.00', 0.00, 0, 'active', '2012-03-15', '6281014150705'),
(295, 0, 0, 'فطيرة الكسترد لوزين', '', 0, '', 1.00, '0.00', 0.00, 0, 'active', '2012-03-15', '6281007027410'),
(296, 0, 0, 'فطيرة التمر لوزين', '', 0, '', 1.00, '0.00', 0.00, 0, 'active', '2012-03-15', '6281100084020'),
(297, 0, 0, 'فطيرة الفراولة', '', 0, '', 1.00, '0.00', 0.00, 0, 'active', '2012-03-15', '6281007027427'),
(298, 0, 0, 'كرواسان الزعتر لوزين', '', 0, '', 1.00, '0.00', 0.00, 0, 'active', '2012-03-15', '6281100086116'),
(299, 0, 0, 'كوب كيك فراولة لوزين', '', 0, '', 1.00, '0.00', 0.00, 0, 'active', '2012-03-15', '6281100083061'),
(300, 0, 0, 'كيك بار', '', 0, '', 1.00, '0.00', 0.00, 0, 'active', '2012-03-15', '6281183000252'),
(301, 0, 0, 'كرواسان الجبنة', '', 0, '', 1.00, '0.00', 0.00, 0, 'active', '2012-03-15', '6281100084044'),
(302, 0, 0, 'كرواسيان الزعتر والجبنة', '', 0, '', 1.00, '0.00', 0.00, 0, 'active', '2012-03-15', '6281100086123'),
(303, 0, 0, 'كوب كيك سادة', '', 0, '', 1.00, '0.00', 0.00, 0, 'active', '2012-03-15', '6281100083047'),
(304, 0, 0, 'كروسان بحشوة الفراولة', '', 0, '', 1.00, '0.00', 0.00, 0, 'active', '2012-03-15', '6281183000016'),
(305, 0, 0, 'فطيرة الجبنة لوزين', '', 0, '', 1.00, '0.00', 0.00, 0, 'active', '2012-03-15', '6281100084013'),
(306, 0, 0, 'كوب كيك شوكولاته', '', 0, '', 1.00, '0.00', 0.00, 0, 'active', '2012-03-15', '6281100087540'),
(307, 0, 0, 'كيك بار', '', 0, '', 1.00, '0.00', 0.00, 0, 'active', '2012-03-15', '6281183000269'),
(308, 0, 0, 'فطيرة الشوكولاته', '', 0, '', 1.00, '0.00', 0.00, 0, 'active', '2012-03-15', '6281100089056'),
(309, 0, 0, 'كرواسان سادة', '', 0, '', 1.00, '0.00', 0.00, 0, 'active', '2012-03-15', '6281100084037'),
(310, 0, 0, 'كروسان بحشوة كريمة الكاكاو', '', 0, '', 1.00, '0.00', 0.00, 0, 'active', '2012-03-15', '6281183000023'),
(311, 0, 0, 'شامبو بانتين 400مل', '', 0, '', 16.00, '0.00', 0.00, 0, 'active', '2012-03-15', '5000174927214'),
(312, 0, 0, 'شامبو بانتين 400مل', '', 0, '', 16.00, '0.00', 0.00, 0, 'active', '2012-03-15', '5000174927405'),
(313, 0, 0, 'شامبو هيدشولدرز 400مل', '', 0, '', 16.00, '0.00', 0.00, 0, 'active', '2012-03-15', '5410076400034'),
(314, 0, 0, 'شامبو هيدشولدرز 400مل', '', 0, '', 16.00, '0.00', 0.00, 0, 'active', '2012-03-15', '5410076400133'),
(315, 0, 0, 'شامبو للأطفال', '', 0, '', 9.00, '0.00', 0.00, 0, 'active', '2012-03-15', '6923750390174'),
(316, 0, 0, 'شامبو برت بلاس 200مل', '', 0, '', 10.00, '0.00', 0.00, 0, 'active', '2012-03-15', '5013965575488'),
(317, 0, 0, 'ملون شعر بني', '', 0, '', 8.00, '0.00', 0.00, 0, 'active', '2012-03-15', '8906008400038'),
(318, 0, 0, 'ملون شعر أسود', '', 0, '', 8.00, '0.00', 0.00, 0, 'active', '2012-03-15', '8906008400021'),
(319, 0, 0, 'معجون سيجنال', '', 0, '', 5.00, '0.00', 0.00, 0, 'active', '2012-03-15', '6221048404399'),
(320, 0, 0, 'معجون سيجنال', '', 0, '', 7.00, '0.00', 0.00, 0, 'active', '2012-03-15', '6281006412521'),
(321, 0, 0, 'فرشاة أسنان', '', 0, '', 2.00, '0.00', 0.00, 0, 'active', '2012-03-15', '6281101027316'),
(322, 0, 0, 'فرشاة أسنان', '', 0, '', 2.00, '0.00', 0.00, 0, 'active', '2012-03-15', '6940220100538'),
(323, 0, 0, 'منظف اذاني', '', 0, '', 3.00, '0.00', 0.00, 0, 'active', '2012-03-15', '5281001950012'),
(324, 0, 0, 'كريم نوقلبنا', '', 0, '', 5.00, '0.00', 0.00, 0, 'active', '2012-03-15', '8908000728240'),
(325, 0, 0, 'فيكس فابوراب', '', 0, '', 8.00, '0.00', 0.00, 0, 'active', '2012-03-15', '4015600000547'),
(326, 0, 0, 'كريم FLEMINGO', '', 0, '', 10.00, '0.00', 0.00, 0, 'active', '2012-03-15', '9819059226061'),
(327, 0, 0, 'عطر - ماء', '', 0, '', 10.00, '0.00', 0.00, 0, 'active', '2012-03-15', '6085010090382'),
(328, 0, 0, 'Dancing Dream', '', 0, '', 10.00, '0.00', 0.00, 0, 'active', '2012-03-15', '8901360141414'),
(329, 0, 0, 'صابون Dove', '', 0, '', 5.00, '0.00', 0.00, 0, 'active', '2012-03-15', '6281006473607'),
(330, 0, 0, 'صابون لوكس', '', 0, '', 3.00, '0.00', 0.00, 0, 'active', '2012-03-15', '6281006474383'),
(331, 0, 0, 'صابون لوكس', '', 0, '', 3.00, '0.00', 0.00, 0, 'active', '2012-03-15', '6281006474284'),
(332, 0, 0, 'صابون لوكس', '', 0, '', 3.00, '0.00', 0.00, 0, 'active', '2012-03-15', '6281006477292'),
(333, 0, 0, 'جونير السعودية', '', 0, '', 1.00, '0.00', 0.00, 0, 'active', '2012-03-15', '6281039407013'),
(334, 0, 0, 'جونير السعودية', '', 0, '', 1.00, '0.00', 0.00, 0, 'active', '2012-03-15', '6281039407211'),
(335, 0, 0, 'جونير السعودية', '', 0, '', 1.00, '0.00', 0.00, 0, 'active', '2012-03-15', '6281039407419'),
(336, 0, 0, 'حليب بالفراولة السعودية', '', 0, '', 1.50, '0.00', 0.00, 0, 'active', '2012-03-15', '6281039163414'),
(337, 0, 0, 'حليب بالشوكولاته', '', 0, '', 1.50, '0.00', 0.00, 0, 'active', '2012-03-15', '6281039163216'),
(338, 0, 0, 'حليب السعودية', '', 0, '', 33.00, '0.00', 0.00, 0, 'active', '2012-03-15', '6281039105131'),
(339, 0, 0, 'حليب السعوديه', '', 0, '', 1.50, '0.00', 0.00, 0, 'active', '2012-03-15', '6281039105018'),
(340, 0, 0, 'كرتون حليب السعودية', '', 0, '', 42.00, '0.00', 0.00, 0, 'active', '2012-03-15', '06281039102024'),
(341, 0, 0, 'حليب السعودية 600مل', '', 0, '', 2.50, '0.00', 0.00, 0, 'active', '2012-03-15', '6281039102017'),
(342, 0, 0, 'حليب السعودية 1لتر', '', 0, '', 4.00, '0.00', 0.00, 0, 'active', '2012-03-15', '6281039101119'),
(343, 0, 0, 'أسكريم شوكو', '', 0, '', 1.00, '0.00', 0.00, 0, 'active', '2012-03-15', '6281039562019'),
(344, 0, 0, 'أسكريم بابو', '', 0, '', 1.00, '0.00', 0.00, 0, 'active', '2012-03-15', '6281039584417'),
(345, 0, 0, 'أسكريم بابو', '', 0, '', 1.00, '0.00', 0.00, 0, 'active', '2012-03-15', '6281039584011'),
(346, 0, 0, 'أسكريم بابو', '', 0, '', 1.00, '0.00', 0.00, 0, 'active', '2012-03-15', '6281039584219'),
(347, 0, 0, 'أسكريم بابو', '', 0, '', 1.00, '0.00', 0.00, 0, 'active', '2012-03-15', '6281039594218'),
(348, 0, 0, 'اسكريم السعودية', '', 0, '', 2.00, '0.00', 0.00, 0, 'active', '2012-03-15', '6281039571219'),
(349, 0, 0, 'اسكريم السعودية', '', 0, '', 3.00, '0.00', 0.00, 0, 'active', '2012-03-15', '6281039551419'),
(350, 0, 0, 'أسكريم السعودية', '', 0, '', 3.00, '0.00', 0.00, 0, 'active', '2012-03-15', '6281039581515'),
(351, 0, 0, 'أسكريم السعودية', '', 0, '', 3.00, '0.00', 0.00, 0, 'active', '2012-03-15', '6281039551013'),
(352, 0, 0, 'زبدة السعودية 200جم', '', 0, '', 6.00, '0.00', 0.00, 0, 'active', '2012-03-15', '6281039363814'),
(353, 0, 0, 'زبدة لورباك 100جم', '', 0, '', 4.00, '0.00', 0.00, 0, 'active', '2012-03-15', '5740900864108'),
(354, 0, 0, 'زبدة لورباك 200جم', '', 0, '', 8.00, '0.00', 0.00, 0, 'active', '2012-03-15', '5740900884304'),
(355, 0, 0, 'بامية رويال', '', 0, '', 3.00, '0.00', 0.00, 0, 'active', '2012-03-15', '6281050520203'),
(356, 0, 0, 'فلافل كاكو', '', 0, '', 6.00, '0.00', 0.00, 0, 'active', '2012-03-15', '6281102740726'),
(357, 0, 0, 'زبدة المراعي 200جم', '', 0, '', 8.00, '0.00', 0.00, 0, 'active', '2012-03-15', '6281007158961'),
(358, 0, 0, 'عصير راني مانجو 1.5لتر', '', 0, '', 4.00, '0.00', 0.00, 0, 'active', '2012-03-15', '6281034016425'),
(359, 0, 0, 'عصير راني كوكتيل 1 لتر', '', 0, '', 3.00, '0.00', 0.00, 0, 'active', '2012-03-15', '6281034901196'),
(360, 0, 0, 'عصير راني كوكتيل 1.5 لتر', '', 0, '', 4.00, '0.00', 0.00, 0, 'active', '2012-03-15', '6281034900748'),
(361, 0, 0, 'عصير راني برتقال 1.5 لتر', '', 0, '', 4.00, '0.00', 0.00, 0, 'active', '2012-03-15', '6281034900090'),
(362, 0, 0, 'كوكا كولا 1 لتر', '', 0, '', 3.00, '0.00', 0.00, 0, 'active', '2012-03-15', '5449000054227'),
(363, 0, 0, 'كوكا كولا 1.75 لتر', '', 0, '', 4.00, '0.00', 0.00, 0, 'active', '2012-03-15', '5449000130389'),
(364, 0, 0, 'كوكا كولا 2.5 لتر', '', 0, '', 5.00, '0.00', 0.00, 0, 'active', '2012-03-15', '5449000016645'),
(365, 0, 0, 'بيبسي 2.25 لتر', '', 0, '', 5.00, '0.00', 0.00, 0, 'active', '2012-03-15', '012000004070'),
(366, 0, 0, 'سفن 2.5 لتر', '', 0, '', 5.00, '0.00', 0.00, 0, 'active', '2012-03-15', '012000031199'),
(367, 0, 0, 'منتج بريالين', '', 0, '', 2.00, '0.00', 0.00, 0, 'active', '2015-02-06', '2'),
(368, 0, 0, 'منتج بخمسة ريالات', '', 0, '', 5.00, '0.00', 0.00, 0, 'active', '2015-02-06', '5'),
(369, 0, 0, 'منتج بريالين', '', 0, '', 55.00, '0.00', 0.00, 0, 'active', '2015-02-06', '55'),
(370, 0, 0, 'منتج بثلاثة ريالات', '', 0, '', 2.00, '0.00', 0.00, 0, 'active', '2015-02-06', '3'),
(371, 0, 0, 'منتج بريالين', '', 0, '', 7.00, '0.00', 0.00, 0, 'active', '2015-02-06', '7'),
(372, 0, 0, 'منتج fff', '', 0, '', 8.00, '0.00', 0.00, 0, 'active', '2015-02-06', '8'),
(373, 0, 0, 'منتج بريالين', '', 0, '', 9.00, '0.00', 0.00, 0, 'active', '2015-02-06', '9'),
(374, 0, 0, 'منتج بريالينlll', '', 0, '', 10.00, '0.00', 0.00, 0, 'active', '2015-02-06', '10'),
(375, 0, 0, '1111', '', 0, '', 11.00, '0.00', 0.00, 0, 'active', '2015-02-06', '11'),
(376, 0, 0, '1212', '', 0, '', 12.00, '0.00', 0.00, 0, 'active', '2015-02-06', '12'),
(377, 0, 0, '1313', '', 0, '', 1000.00, '0.00', 0.00, 0, 'active', '2015-02-06', '13'),
(378, 0, 0, 'scho2r', '', 0, '', 500.00, '0.00', 0.00, 0, 'active', '2015-02-07', '15'),
(379, 0, 0, 'سبعون ريالا', '', 0, '', 70.00, '0.00', 0.00, 0, 'active', '2015-02-07', '70'),
(380, 0, 0, 'منتج بأربعة ريالات', '', 0, '', 4.00, '0.00', 0.00, 0, 'active', '2015-02-07', '4'),
(381, 0, 0, '1919', '', 0, '', 19.00, '0.00', 0.00, 0, 'active', '2015-02-07', '19'),
(382, 0, 0, 'منتج بسبعة عشر ريال', '', 0, '', 17.00, '0.00', 0.00, 0, 'active', '2015-02-08', '17'),
(383, 5, 1, 'حليب قليل الدسم 180م', 'حليب قليل الدسم ', 5, 'Bottles', 15.00, '5.00', 0.00, 1, 'active', '2018-02-13', NULL);

-- --------------------------------------------------------

--
-- بنية الجدول `taxes`
--

CREATE TABLE `taxes` (
  `id_Taxes` int(11) NOT NULL,
  `NameTaxes` varchar(250) DEFAULT NULL COMMENT 'اسم الضريبة',
  `ratio` double DEFAULT NULL COMMENT 'نسبة الضريبة'
) ENGINE=InnoDB DEFAULT CHARSET=utf8 COMMENT='الضرائب';

-- --------------------------------------------------------

--
-- بنية الجدول `tbl_customer`
--

CREATE TABLE `tbl_customer` (
  `CustomerID` int(11) NOT NULL,
  `CustomerName` varchar(250) DEFAULT NULL COMMENT 'اسم العميل',
  `Address` varchar(250) DEFAULT NULL COMMENT 'عنوان العميل',
  `City` varchar(45) DEFAULT NULL COMMENT 'مدينة العميل',
  `PostalCode` varchar(45) DEFAULT NULL,
  `Country` varchar(255) DEFAULT NULL COMMENT 'المنطقة'
) ENGINE=InnoDB DEFAULT CHARSET=utf8 COMMENT='العملاء';

--
-- إرجاع أو استيراد بيانات الجدول `tbl_customer`
--

INSERT INTO `tbl_customer` (`CustomerID`, `CustomerName`, `Address`, `City`, `PostalCode`, `Country`) VALUES
(1, 'AbuOmar', 'Address', 'City', '11', 'Country');

-- --------------------------------------------------------

--
-- بنية الجدول `tbl_order`
--

CREATE TABLE `tbl_order` (
  `order_id` int(11) NOT NULL,
  `customer_id` int(11) DEFAULT NULL COMMENT 'رقم العميل',
  `creation_date` varchar(255) DEFAULT NULL COMMENT 'تاريخ الطلب',
  `order_status` varchar(255) DEFAULT NULL
) ENGINE=InnoDB DEFAULT CHARSET=utf8 COMMENT='الطلبات';

--
-- إرجاع أو استيراد بيانات الجدول `tbl_order`
--

INSERT INTO `tbl_order` (`order_id`, `customer_id`, `creation_date`, `order_status`) VALUES
(1, 1, NULL, NULL),
(2, 1, '2018-02-01', 'pending'),
(3, 1, '2018-02-01', 'pending'),
(4, 1, '2018-02-01', 'pending'),
(5, 1, '2018-02-01', 'pending');

-- --------------------------------------------------------

--
-- بنية الجدول `tbl_order_details`
--

CREATE TABLE `tbl_order_details` (
  `id_tbl_order_details` int(11) NOT NULL,
  `order_id` int(11) DEFAULT NULL,
  `product_name` varchar(255) DEFAULT NULL,
  `product_price` double DEFAULT NULL,
  `product_quantity` int(11) DEFAULT NULL
) ENGINE=InnoDB DEFAULT CHARSET=utf8;

--
-- إرجاع أو استيراد بيانات الجدول `tbl_order_details`
--

INSERT INTO `tbl_order_details` (`id_tbl_order_details`, `order_id`, `product_name`, `product_price`, `product_quantity`) VALUES
(1, 2, 'HP Notebook', 299, 1),
(2, 2, 'Ø¨Ø±ØªÙ‚Ø§Ù„', 35.25, 1),
(3, 4, 'Samsung J2 Pro', 100, 1),
(4, 4, 'HP Notebook', 299, 1),
(5, 5, 'Samsung J2 Pro', 100, 1),
(6, 5, 'HP Notebook', 299, 1);

-- --------------------------------------------------------

--
-- بنية الجدول `tbl_product`
--

CREATE TABLE `tbl_product` (
  `id` int(11) NOT NULL,
  `barcode` varchar(200) DEFAULT NULL,
  `name` varchar(255) DEFAULT NULL,
  `image` varchar(255) DEFAULT NULL,
  `price` decimal(9,2) DEFAULT NULL,
  `VAT` double DEFAULT NULL COMMENT 'ضريبة القيمة المضافة'
) ENGINE=InnoDB DEFAULT CHARSET=utf8;

--
-- إرجاع أو استيراد بيانات الجدول `tbl_product`
--

INSERT INTO `tbl_product` (`id`, `barcode`, `name`, `image`, `price`, `VAT`) VALUES
(1, '11', 'Samsung J2 Pro', '1.jpg', '100.00', 0.05),
(2, '22', 'HP Notebook', '2.jpg', '299.00', 0),
(3, '33', 'Panasonic T44 Lite', '3.jpg', '125.50', 0),
(4, '44', 'برتقال', '', '35.25', 0.05),
(5, '55', 'test55', '', '500.00', 0.05);

-- --------------------------------------------------------

--
-- بنية الجدول `user_details`
--

CREATE TABLE `user_details` (
  `user_id` int(11) NOT NULL,
  `user_email` varchar(200) NOT NULL,
  `user_password` varchar(200) NOT NULL,
  `user_name` varchar(200) NOT NULL,
  `user_type` enum('master','user') NOT NULL,
  `user_status` enum('Active','Inactive') NOT NULL
) ENGINE=InnoDB DEFAULT CHARSET=utf8;

--
-- إرجاع أو استيراد بيانات الجدول `user_details`
--

INSERT INTO `user_details` (`user_id`, `user_email`, `user_password`, `user_name`, `user_type`, `user_status`) VALUES
(1, 'wzw808@gmail.com', '$2y$10$O5bv0D8sM5SDDmuIBpEZ3elB.3hcsg4f7SHIYc9bkL.ip23vdpCti', 'John Smith', 'master', 'Active'),
(2, 'donahuber@gmail.com', '$2y$10$Ex.JTn6Cu7lCHgaJoCBVeu0qer0cFp2X1qTIpPg2qfIkkuj3LjjMK', 'Dona L. Huber', 'user', 'Active'),
(3, 'roy_hise@gmail.com', '$2y$10$XlyVI9an5B6rHW3SS9vQpesJssKJxzMQYPbSaR7dnpWjDI5fpxJSS', 'Roy Hise', 'user', 'Active'),
(4, 'peter_goad@gmail.com', '$2y$10$n1B.FdHNwufTkmzp/pNqc.EiwjB8quQ1tBCEC7nkaldI5pS.et04e', 'Peter Goad', 'user', 'Active'),
(5, 'sarah_thomas@gmail.com', '$2y$10$s57SErOPlgkIZf1lxzlX3.hMt8LSSKaYig5rusxghDm7LW8RtQc/W', 'Sarah Thomas', 'user', 'Active'),
(6, 'edna_william@gmail.com', '$2y$10$mfMXnH.TCmg5tlYRhqjxu.ILly8s9.qsLKOpyxgUl6h1fZt6x/B5C', 'Edna William', 'user', 'Active'),
(8, 'john_parks@gmail.com', '$2y$10$WtsZUxIIz/N4NoIW0Db.pu0VfLWcPs6TyQ8SkpVHLDLGhdNOfALC.', 'John Park', 'user', 'Active'),
(10, 'peter_parker@gmail.com', '$2y$10$GoQvEZNTWEibo0FPK7h57eA5UsNkXfIdex1deGsW/CFIY8zqxyu2S', 'مارك بيتر', 'user', 'Active'),
(11, 'a@a.a', '$2y$10$7oEMn5XtKd75k9muqvico.OpzgH37l6hzAoHanKoMGxOh4aR6Xzgi', 'مانع العمري', 'user', 'Active'),
(12, '0017017', '$2y$10$EoS8naMvXJSljkRxY530.O/vcgKIZOEBeWtDBxwaC2tbex6f0x2lO', 'Manei', 'master', 'Active');

--
-- Indexes for dumped tables
--

--
-- Indexes for table `brand`
--
ALTER TABLE `brand`
  ADD PRIMARY KEY (`brand_id`);

--
-- Indexes for table `category`
--
ALTER TABLE `category`
  ADD PRIMARY KEY (`category_id`);

--
-- Indexes for table `inventory_order`
--
ALTER TABLE `inventory_order`
  ADD PRIMARY KEY (`inventory_order_id`);

--
-- Indexes for table `inventory_order_product`
--
ALTER TABLE `inventory_order_product`
  ADD PRIMARY KEY (`inventory_order_product_id`);

--
-- Indexes for table `product`
--
ALTER TABLE `product`
  ADD PRIMARY KEY (`product_id`);

--
-- Indexes for table `taxes`
--
ALTER TABLE `taxes`
  ADD PRIMARY KEY (`id_Taxes`);

--
-- Indexes for table `tbl_customer`
--
ALTER TABLE `tbl_customer`
  ADD PRIMARY KEY (`CustomerID`);

--
-- Indexes for table `tbl_order`
--
ALTER TABLE `tbl_order`
  ADD PRIMARY KEY (`order_id`),
  ADD KEY `fk_tbl_order_tbl_customer_idx` (`customer_id`);

--
-- Indexes for table `tbl_order_details`
--
ALTER TABLE `tbl_order_details`
  ADD PRIMARY KEY (`id_tbl_order_details`),
  ADD KEY `fk_tbl_order_details_tbl_order1_idx` (`order_id`);

--
-- Indexes for table `tbl_product`
--
ALTER TABLE `tbl_product`
  ADD PRIMARY KEY (`id`);

--
-- Indexes for table `user_details`
--
ALTER TABLE `user_details`
  ADD PRIMARY KEY (`user_id`);

--
-- AUTO_INCREMENT for dumped tables
--

--
-- AUTO_INCREMENT for table `brand`
--
ALTER TABLE `brand`
  MODIFY `brand_id` int(11) NOT NULL AUTO_INCREMENT, AUTO_INCREMENT=3;

--
-- AUTO_INCREMENT for table `category`
--
ALTER TABLE `category`
  MODIFY `category_id` int(11) NOT NULL AUTO_INCREMENT, AUTO_INCREMENT=6;

--
-- AUTO_INCREMENT for table `inventory_order`
--
ALTER TABLE `inventory_order`
  MODIFY `inventory_order_id` int(11) NOT NULL AUTO_INCREMENT;

--
-- AUTO_INCREMENT for table `inventory_order_product`
--
ALTER TABLE `inventory_order_product`
  MODIFY `inventory_order_product_id` int(11) NOT NULL AUTO_INCREMENT;

--
-- AUTO_INCREMENT for table `product`
--
ALTER TABLE `product`
  MODIFY `product_id` int(11) NOT NULL AUTO_INCREMENT, AUTO_INCREMENT=384;

--
-- AUTO_INCREMENT for table `taxes`
--
ALTER TABLE `taxes`
  MODIFY `id_Taxes` int(11) NOT NULL AUTO_INCREMENT;

--
-- AUTO_INCREMENT for table `tbl_customer`
--
ALTER TABLE `tbl_customer`
  MODIFY `CustomerID` int(11) NOT NULL AUTO_INCREMENT, AUTO_INCREMENT=2;

--
-- AUTO_INCREMENT for table `tbl_order`
--
ALTER TABLE `tbl_order`
  MODIFY `order_id` int(11) NOT NULL AUTO_INCREMENT, AUTO_INCREMENT=6;

--
-- AUTO_INCREMENT for table `tbl_order_details`
--
ALTER TABLE `tbl_order_details`
  MODIFY `id_tbl_order_details` int(11) NOT NULL AUTO_INCREMENT, AUTO_INCREMENT=7;

--
-- AUTO_INCREMENT for table `tbl_product`
--
ALTER TABLE `tbl_product`
  MODIFY `id` int(11) NOT NULL AUTO_INCREMENT, AUTO_INCREMENT=6;

--
-- AUTO_INCREMENT for table `user_details`
--
ALTER TABLE `user_details`
  MODIFY `user_id` int(11) NOT NULL AUTO_INCREMENT, AUTO_INCREMENT=13;

--
-- قيود الجداول المحفوظة
--

--
-- القيود للجدول `tbl_order`
--
ALTER TABLE `tbl_order`
  ADD CONSTRAINT `fk_tbl_order_tbl_customer` FOREIGN KEY (`customer_id`) REFERENCES `tbl_customer` (`CustomerID`) ON DELETE NO ACTION ON UPDATE NO ACTION;

--
-- القيود للجدول `tbl_order_details`
--
ALTER TABLE `tbl_order_details`
  ADD CONSTRAINT `fk_tbl_order_details_tbl_order1` FOREIGN KEY (`order_id`) REFERENCES `tbl_order` (`order_id`) ON DELETE NO ACTION ON UPDATE NO ACTION;
COMMIT;

/*!40101 SET CHARACTER_SET_CLIENT=@OLD_CHARACTER_SET_CLIENT */;
/*!40101 SET CHARACTER_SET_RESULTS=@OLD_CHARACTER_SET_RESULTS */;
/*!40101 SET COLLATION_CONNECTION=@OLD_COLLATION_CONNECTION */;
